Feature,Importance
Experience,0.5654041594035077
ProjectsCompleted,0.13008368251847197
TrainingHours,0.09618329630737214
Salary,0.07249133204824365
Age,0.052558890144408024
AttendanceRate,0.0499369882254637
Department_Sales,0.009953414485301104
Department_IT,0.007988475250295996
Department_Marketing,0.007811300704523056
Department_HR,0.007588460912412665
